James,J,Butt,jbutt@gmail.com,,6649 N Blue Gum St,New Orleans,LA,70116,504-621-8927,Benton
Josephine,J,Darakjy,josephine_darakjy@darakjy.org,,4 B Blue Ridge Blvd,Brighton,MI,48116,810-292-9388,Chanay Jeffrey A Esq
Art,A,Venere,art@venere.org,,8 W Cerritos Ave #54,Bridgeport,NJ,8014,856-636-8749,Chemel James L Cpa
Lenna,L,Paprocki,lpaprocki@hotmail.com,,639 Main St,Anchorage,AK,99501,907-385-4412,Feltz Printing Service
Donette,D,Foller,donette.foller@cox.net,,34 Center St,Hamilton,OH,45011,513-570-1893,Printing Dimensions
Simona,S,Morasca,simona@morasca.com,,3 Mcauley Dr,Ashland,OH,44805,419-503-2484,Chapman Ross E Esq
Mitsue,M,Tollner,mitsue_tollner@yahoo.com,,7 Eads St,Chicago,IL,60632,773-573-6914,Morlong Associates
Leota,L,Dilliard,leota@hotmail.com,,7 W Jackson Blvd,San Jose,CA,95111,408-752-3500,Commercial Press
Sage,S,Wieser,sage_wieser@cox.net,,5 Boston Ave #88,Sioux Falls,SD,57105,605-414-2147,Truhlar And Truhlar Attys
Kris,K,Marrier,kris@gmail.com,,228 Runamuck Pl #2808,Baltimore,MD,21224,410-655-8723,King Christopher A Esq
Minna,M,Amigon,minna_amigon@yahoo.com,,2371 Jerrold Ave,Kulpsville,PA,19443,215-874-1229,Dorl James J Esq
Abel,A,Maclead,amaclead@gmail.com,,37275 St  Rt 17m M,Middle Island,NY,11953,631-335-3414,Rangoni Of Florence
Kiley,K,Caldarera,kiley.caldarera@aol.com,,25 E 75th St #69,Los Angeles,CA,90034,310-498-5651,Feiner Bros
Graciela,G,Ruta,gruta@cox.net,,98 Connecticut Ave Nw,Chagrin Falls,OH,44023,440-780-8425,Buckley Miller & Wright
Cammy,C,Albares,calbares@gmail.com,,56 E Morehead St,Laredo,TX,78045,956-537-6195,Rousseaux Michael Esq
Mattie,M,Poquette,mattie@aol.com,,73 State Road 434 E,Phoenix,AZ,85013,602-277-4385,Century Communications
Meaghan,M,Garufi,meaghan@hotmail.com,,69734 E Carrillo St,Mc Minnville,TN,37110,931-313-9635,Bolton Wilbur Esq
Gladys,G,Rim,gladys.rim@rim.org,,322 New Horizon Blvd,Milwaukee,WI,53207,414-661-9598,T M Byxbee Company Pc
Yuki,Y,Whobrey,yuki_whobrey@aol.com,,1 State Route 27,Taylor,MI,48180,313-288-7937,Farmers Insurance Group
Fletcher,F,Flosi,fletcher.flosi@yahoo.com,,394 Manchester Blvd,Rockford,IL,61109,815-828-2147,Post Box Services Plus
Bette,B,Nicka,bette_nicka@cox.net,,6 S 33rd St,Aston,PA,19014,610-545-3615,Sport En Art
Veronika,V,Inouye,vinouye@aol.com,,6 Greenleaf Ave,San Jose,CA,95111,408-540-1785,C 4 Network Inc
Willard,W,Kolmetz,willard@hotmail.com,,618 W Yakima Ave,Irving,TX,75062,972-303-9197,Ingalls Donald R Esq
Maryann,M,Royster,mroyster@royster.com,,74 S Westgate St,Albany,NY,12204,518-966-7987,Franklin Peter L Esq
Alisha,A,Slusarski,alisha@slusarski.com,,3273 State St,Middlesex,NJ,8846,732-658-3154,Wtlz Power 107 Fm
Allene,A,Iturbide,allene_iturbide@cox.net,,1 Central Ave,Stevens Point,WI,54481,715-662-6764,Ledecky David Esq
Chanel,C,Caudy,chanel.caudy@caudy.org,,86 Nw 66th St #8673,Shawnee,KS,66218,913-388-2079,Professional Image Inc
Ezekiel,E,Chui,ezekiel@chui.com,,2 Cedar Ave #84,Easton,MD,21601,410-669-1642,Sider Donald C Esq
Willow,W,Kusko,wkusko@yahoo.com,,90991 Thorburn Ave,New York,NY,10011,212-582-4976,U Pull It
Bernardo,B,Figeroa,bfigeroa@aol.com,,386 9th Ave N,Conroe,TX,77301,936-336-3951,Clark Richard Cpa
Ammie,A,Corrio,ammie@corrio.com,,74874 Atlantic Ave,Columbus,OH,43215,614-801-9788,Moskowitz Barry S
Francine,F,Vocelka,francine_vocelka@vocelka.com,,366 South Dr,Las Cruces,NM,88011,505-977-3911,Cascade Realty Advisors Inc
Ernie,E,Stenseth,ernie_stenseth@aol.com,,45 E Liberty St,Ridgefield Park,NJ,7660,201-709-6245,Knwz Newsradio
Albina,A,Glick,albina@glick.com,,4 Ralph Ct,Dunellen,NJ,8812,732-924-7882,Giampetro Anthony D
Alishia,A,Sergi,asergi@gmail.com,,2742 Distribution Way,New York,NY,10025,212-860-1579,Milford Enterprises Inc
Solange,S,Shinko,solange@shinko.com,,426 Wolf St,Metairie,LA,70002,504-979-9175,Mosocco Ronald A
Jose,J,Stockham,jose@yahoo.com,,128 Bransten Rd,New York,NY,10011,212-675-8570,Tri State Refueler Co
Rozella,R,Ostrosky,rozella.ostrosky@ostrosky.com,,17 Morena Blvd,Camarillo,CA,93012,805-832-6163,Parkway Company
Valentine,V,Gillian,valentine_gillian@gmail.com,,775 W 17th St,San Antonio,TX,78204,210-812-9597,Fbs Business Finance
Kati,K,Rulapaugh,kati.rulapaugh@hotmail.com,,6980 Dorsett Rd,Abilene,KS,67410,785-463-7829,Eder Assocs Consltng Engrs Pc
Youlanda,Y,Schemmer,youlanda@aol.com,,2881 Lewis Rd,Prineville,OR,97754,541-548-8197,Tri M Tool Inc
Dyan,D,Oldroyd,doldroyd@aol.com,,7219 Woodfield Rd,Overland Park,KS,66204,913-413-4604,International Eyelets Inc
Roxane,R,Campain,roxane@hotmail.com,,1048 Main St,Fairbanks,AK,99708,907-231-4722,Rapid Trading Intl
Lavera,L,Perin,lperin@perin.org,,678 3rd Ave,Miami,FL,33196,305-606-7291,Abc Enterprises Inc
Erick,E,Ferencz,erick.ferencz@aol.com,,20 S Babcock St,Fairbanks,AK,99712,907-741-1044,Cindy Turner Associates
Fatima,F,Saylors,fsaylors@saylors.org,,2 Lighthouse Ave,Hopkins,MN,55343,952-768-2416,Stanton James D Esq
Jina,J,Briddick,jina_briddick@briddick.com,,38938 Park Blvd,Boston,MA,2128,617-399-5124,Grace Pastries Inc
Kanisha,K,Waycott,kanisha_waycott@yahoo.com,,5 Tomahawk Dr,Los Angeles,CA,90006,323-453-2780,Schroer Gene E Esq
Emerson,E,Bowley,emerson.bowley@bowley.org,,762 S Main St,Madison,WI,53711,608-336-7444,Knights Inn
Blair,B,Malet,bmalet@yahoo.com,,209 Decker Dr,Philadelphia,PA,19132,215-907-9111,Bollinger Mach Shp & Shipyard
Brock,B,Bolognia,bbolognia@yahoo.com,,4486 W O St #1,New York,NY,10003,212-402-9216,Orinda News
Lorrie,L,Nestle,lnestle@hotmail.com,,39 S 7th St,Tullahoma,TN,37388,931-875-6644,Ballard Spahr Andrews
Sabra,S,Uyetake,sabra@uyetake.org,,98839 Hawthorne Blvd #6101,Columbia,SC,29201,803-925-5213,Lowy Limousine Service
Marjory,M,Mastella,mmastella@mastella.com,,71 San Mateo Ave,Wayne,PA,19087,610-814-5533,Vicon Corporation
Karl,K,Klonowski,karl_klonowski@yahoo.com,,76 Brooks St #9,Flemington,NJ,8822,908-877-6135,Rossi Michael M
Tonette,T,Wenner,twenner@aol.com,,4545 Courthouse Rd,Westbury,NY,11590,516-968-6051,Northwest Publishing
Amber,A,Monarrez,amber_monarrez@monarrez.org,,14288 Foster Ave #4121,Jenkintown,PA,19046,215-934-8655,Branford Wire & Mfg Co
Shenika,S,Seewald,shenika@gmail.com,,4 Otis St,Van Nuys,CA,91405,818-423-4007,East Coast Marketing
Delmy,D,Ahle,delmy.ahle@hotmail.com,,65895 S 16th St,Providence,RI,2909,401-458-2547,Wye Technologies Inc
Deeanna,D,Juhas,deeanna_juhas@gmail.com,,14302 Pennsylvania Ave,Huntingdon Valley,PA,19006,215-211-9589,Healy George W Iv
Blondell,B,Pugh,bpugh@aol.com,,201 Hawk Ct,Providence,RI,2904,401-960-8259,Alpenlite Inc
Jamal,J,Vanausdal,jamal@vanausdal.org,,53075 Sw 152nd Ter #615,Monroe Township,NJ,8831,732-234-1546,Hubbard Bruce Esq
Cecily,C,Hollack,cecily@hollack.org,,59 N Groesbeck Hwy,Austin,TX,78731,512-486-3817,Arthur A Oliver & Son Inc
Carmelina,C,Lindall,carmelina_lindall@lindall.com,,2664 Lewis Rd,Littleton,CO,80126,303-724-7371,George Jessop Carter Jewelers
Maurine,M,Yglesias,maurine_yglesias@yglesias.com,,59 Shady Ln #53,Milwaukee,WI,53214,414-748-1374,Schultz Thomas C Md
Tawna,T,Buvens,tawna@gmail.com,,3305 Nabell Ave #679,New York,NY,10009,212-674-9610,H H H Enterprises Inc
Penney,P,Weight,penney_weight@aol.com,,18 Fountain St,Anchorage,AK,99515,907-797-9628,Hawaiian King Hotel
Elly,E,Morocco,elly_morocco@gmail.com,,7 W 32nd St,Erie,PA,16502,814-393-5571,Killion Industries
Ilene,I,Eroman,ilene.eroman@hotmail.com,,2853 S Central Expy,Glen Burnie,MD,21061,410-914-9018,Robinson William J Esq
Vallie,V,Mondella,vmondella@mondella.com,,74 W College St,Boise,ID,83707,208-862-5339,Private Properties
Kallie,K,Blackwood,kallie.blackwood@gmail.com,,701 S Harrison Rd,San Francisco,CA,94104,415-315-2761,Rowley Schlimgen Inc
Johnetta,J,Abdallah,johnetta_abdallah@aol.com,,1088 Pinehurst St,Chapel Hill,NC,27514,919-225-9345,Forging Specialties
Bobbye,B,Rhym,brhym@rhym.com,,30 W 80th St #1995,San Carlos,CA,94070,650-528-5783,Smits Patricia Garity
Micaela,M,Rhymes,micaela_rhymes@gmail.com,,20932 Hedley St,Concord,CA,94520,925-647-3298,H Lee Leonard Attorney At Law
Tamar,T,Hoogland,tamar@hotmail.com,,2737 Pistorio Rd #9230,London,OH,43140,740-343-8575,A K Construction Co
Moon,M,Parlato,moon@yahoo.com,,74989 Brandon St,Wellsville,NY,14895,585-866-8313,Ambelang Jessica M Md
Laurel,L,Reitler,laurel_reitler@reitler.com,,6 Kains Ave,Baltimore,MD,21215,410-520-4832,Q A Service
Delisa,D,Crupi,delisa.crupi@crupi.com,,47565 W Grand Ave,Newark,NJ,7105,973-354-2040,Wood & Whitacre Contractors
Viva,V,Toelkes,viva.toelkes@gmail.com,,4284 Dorigo Ln,Chicago,IL,60647,773-446-5569,Mark Iv Press Ltd
Elza,E,Lipke,elza@yahoo.com,,6794 Lake Dr E,Newark,NJ,7104,973-927-3447,Museum Of Science & Industry
Devorah,D,Chickering,devorah@hotmail.com,,31 Douglas Blvd #950,Clovis,NM,88101,505-975-8559,Garrison Ind
Timothy,T,Mulqueen,timothy_mulqueen@mulqueen.org,,44 W 4th St,Staten Island,NY,10309,718-332-6527,Saronix Nymph Products
Arlette,A,Honeywell,ahoneywell@honeywell.com,,11279 Loytan St,Jacksonville,FL,32254,904-775-4480,Smc Inc
Dominque,D,Dickerson,dominque.dickerson@dickerson.org,,69 Marquette Ave,Hayward,CA,94545,510-993-3758,E A I Electronic Assocs Inc
Lettie,L,Isenhower,lettie_isenhower@yahoo.com,,70 W Main St,Beachwood,OH,44122,216-657-7668,Conte Christopher A Esq
Myra,M,Munns,mmunns@cox.net,,461 Prospect Pl #316,Euless,TX,76040,817-914-7518,Anker Law Office
Stephaine,S,Barfield,stephaine@barfield.com,,47154 Whipple Ave Nw,Gardena,CA,90247,310-774-7643,Beutelschies & Company
Lai,L,Gato,lai.gato@gato.org,,37 Alabama Ave,Evanston,IL,60201,847-728-7286,Fligg Kenneth I Jr
Stephen,S,Emigh,stephen_emigh@hotmail.com,,3777 E Richmond St #900,Akron,OH,44302,330-537-5358,Sharp J Daniel Esq
Tyra,T,Shields,tshields@gmail.com,,3 Fort Worth Ave,Philadelphia,PA,19106,215-255-1641,Assink Anne H Esq
Tammara,T,Wardrip,twardrip@cox.net,,4800 Black Horse Pike,Burlingame,CA,94010,650-803-1936,Jewel My Shop Inc
Cory,C,Gibes,cory.gibes@gmail.com,,83649 W Belmont Ave,San Gabriel,CA,91776,626-572-1096,Chinese Translation Resources
Danica,D,Bruschke,danica_bruschke@gmail.com,,840 15th Ave,Waco,TX,76708,254-782-8569,Stevens Charles T
Wilda,W,Giguere,wilda@cox.net,,1747 Calle Amanecer #2,Anchorage,AK,99501,907-870-5536,Mclaughlin Luther W Cpa
Elvera,E,Benimadho,elvera.benimadho@cox.net,,99385 Charity St #840,San Jose,CA,95110,408-703-8505,Tree Musketeers
Carma,C,Vanheusen,carma@cox.net,,68556 Central Hwy,San Leandro,CA,94577,510-503-7169,Springfield Div Oh Edison Co
Malinda,M,Hochard,malinda.hochard@yahoo.com,,55 Riverside Ave,Indianapolis,IN,46202,317-722-5066,Logan Memorial Hospital
Natalie,N,Fern,natalie.fern@hotmail.com,,7140 University Ave,Rock Springs,WY,82901,307-704-8713,Kelly Charles G Esq
Lisha,L,Centini,lisha@centini.org,,64 5th Ave #1153,Mc Lean,VA,22102,703-235-3937,Industrial Paper Shredders Inc
Arlene,A,Klusman,arlene_klusman@gmail.com,,3 Secor Rd,New Orleans,LA,70112,504-710-5840,Beck Horizon Builders
Alease,A,Buemi,alease@buemi.com,,4 Webbs Chapel Rd,Boulder,CO,80303,303-301-4946,Porto Cayo At Hawks Cay
Louisa,L,Cronauer,louisa@cronauer.com,,524 Louisiana Ave Nw,San Leandro,CA,94577,510-828-7047,Pacific Grove Museum Ntrl Hist
Angella,A,Cetta,angella.cetta@hotmail.com,,185 Blackstone Bldge,Honolulu,HI,96817,808-892-7943,Bender & Hatley Pc
Cyndy,C,Goldammer,cgoldammer@cox.net,,170 Wyoming Ave,Burnsville,MN,55337,952-334-9408,Di Cristina J & Son
Rosio,R,Cork,rosio.cork@gmail.com,,4 10th St W,High Point,NC,27263,336-243-5659,Green Goddess
Celeste,C,Korando,ckorando@hotmail.com,,7 W Pinhook Rd,Lynbrook,NY,11563,516-509-2347,American Arts & Graphics
Twana,T,Felger,twana.felger@felger.org,,1 Commerce Way,Portland,OR,97224,503-939-3153,Opryland Hotel
Estrella,E,Samu,estrella@aol.com,,64 Lakeview Ave,Beloit,WI,53511,608-976-7199,Marking Devices Pubg Co
Donte,D,Kines,dkines@hotmail.com,,3 Aspen St,Worcester,MA,1602,508-429-8576,W Tc Industries Inc
Tiffiny,T,Steffensmeier,tiffiny_steffensmeier@cox.net,,32860 Sierra Rd,Miami,FL,33133,305-385-9695,Whitehall Robbins Labs Divsn
Edna,E,Miceli,emiceli@miceli.org,,555 Main St,Erie,PA,16502,814-460-2655,Sampler
Sue,S,Kownacki,sue@aol.com,,2 Se 3rd Ave,Mesquite,TX,75149,972-666-3413,Juno Chefs Incorporated
Jesusa,J,Shin,jshin@shin.com,,2239 Shawnee Mission Pky,Tullahoma,TN,37388,931-273-8709,Carroccio A Thomas Esq
Rolland,R,Francescon,rolland@cox.net,,2726 Charcot Ave,Paterson,NJ,7501,973-649-2922,Stanley Richard L Esq
Pamella,P,Schmierer,pamella.schmierer@schmierer.org,,5161 Dorsett Rd,Homestead,FL,33030,305-420-8970,K Cs Cstm Mouldings Windows
Glory,G,Kulzer,gkulzer@kulzer.org,,55892 Jacksonville Rd,Owings Mills,MD,21117,410-224-9462,Comfort Inn
Shawna,S,Palaspas,shawna_palaspas@palaspas.org,,5 N Cleveland Massillon Rd,Thousand Oaks,CA,91362,805-275-3566,Windsor James L Esq
Brandon,B,Callaro,brandon_callaro@hotmail.com,,7 Benton Dr,Honolulu,HI,96819,808-215-6832,Jackson Shields Yeiser
Scarlet,S,Cartan,scarlet.cartan@yahoo.com,,9390 S Howell Ave,Albany,GA,31701,229-735-3378,Box J Calvin Esq
Oretha,O,Menter,oretha_menter@yahoo.com,,8 County Center Dr #647,Boston,MA,2210,617-418-5043,Custom Engineering Inc
Ty,T,Smith,tsmith@aol.com,,4646 Kaahumanu St,Hackensack,NJ,7601,201-672-1553,Bresler Eitel Framg Gllry Ltd
Xuan,X,Rochin,xuan@gmail.com,,2 Monroe St,San Mateo,CA,94403,650-933-5072,Carol Drake Sparks Esq
Lindsey,L,Dilello,lindsey.dilello@hotmail.com,,52777 Leaders Heights Rd,Ontario,CA,91761,909-639-9887,Biltmore Investors Bank
Devora,D,Perez,devora_perez@perez.org,,72868 Blackington Ave,Oakland,CA,94606,510-955-3016,Desco Equipment Corp
Herman,H,Demesa,hdemesa@cox.net,,9 Norristown Rd,Troy,NY,12180,518-497-2940,Merlin Electric Co
Rory,R,Papasergi,rpapasergi@cox.net,,83 County Road 437 #8581,Clarks Summit,PA,18411,570-867-7489,Bailey Cntl Co Div Babcock
Talia,T,Riopelle,talia_riopelle@aol.com,,1 N Harlem Ave #9,Orange,NJ,7050,973-245-2133,Ford Brothers Wholesale Inc
Van,V,Shire,van.shire@shire.com,,90131 J St,Pittstown,NJ,8867,908-409-2890,Cambridge Inn
Lucina,L,Lary,lucina_lary@cox.net,,8597 W National Ave,Cocoa,FL,32922,321-749-4981,Matricciani Albert J Jr
Bok,B,Isaacs,bok.isaacs@aol.com,,6 Gilson St,Bronx,NY,10468,718-809-3762,Nelson Hawaiian Ltd
Rolande,R,Spickerman,rolande.spickerman@spickerman.com,,65 W Maple Ave,Pearl City,HI,96782,808-315-3077,Neland Travel Agency
Howard,H,Paulas,hpaulas@gmail.com,,866 34th Ave,Denver,CO,80231,303-623-4241,Asendorf J Alan Esq
Kimbery,K,Madarang,kimbery_madarang@cox.net,,798 Lund Farm Way,Rockaway,NJ,7866,973-310-1634,Silberman Arthur L Esq
Thurman,T,Manno,thurman.manno@yahoo.com,,9387 Charcot Ave,Absecon,NJ,8201,609-524-3586,Honey Bee Breeding Genetics &
Becky,B,Mirafuentes,becky.mirafuentes@mirafuentes.com,,30553 Washington Rd,Plainfield,NJ,7062,908-877-8409,Wells Kravitz Schnitzer
Beatriz,B,Corrington,beatriz@yahoo.com,,481 W Lemon St,Middleboro,MA,2346,508-584-4279,Prohab Rehabilitation Servs
Marti,M,Maybury,marti.maybury@yahoo.com,,4 Warehouse Point Rd #7,Chicago,IL,60638,773-775-4522,Eldridge Kristin K Esq
Nieves,N,Gotter,nieves_gotter@gmail.com,,4940 Pulaski Park Dr,Portland,OR,97202,503-527-5274,Vlahos John J Esq
Leatha,L,Hagele,lhagele@cox.net,,627 Walford Ave,Dallas,TX,75227,214-339-1809,Ninas Indian Grs & Videos
Valentin,V,Klimek,vklimek@klimek.org,,137 Pioneer Way,Chicago,IL,60604,312-303-5453,Schmid Gayanne K Esq
Melissa,M,Wiklund,melissa@cox.net,,61 13 Stoneridge #835,Findlay,OH,45840,419-939-3613,Moapa Valley Federal Credit Un
Sheridan,S,Zane,sheridan.zane@zane.com,,2409 Alabama Rd,Riverside,CA,92501,951-645-3605,Kentucky Tennessee Clay Co
Bulah,B,Padilla,bulah_padilla@hotmail.com,,8927 Vandever Ave,Waco,TX,76707,254-463-4368,Admiral Party Rentals & Sales
Audra,A,Kohnert,audra@kohnert.com,,134 Lewis Rd,Nashville,TN,37211,615-406-7854,Nelson Karolyn King Esq
Daren,D,Weirather,dweirather@aol.com,,9 N College Ave #3,Milwaukee,WI,53216,414-959-2540,Panasystems
Fernanda,F,Jillson,fjillson@aol.com,,60480 Old Us Highway 51,Preston,MD,21655,410-387-5260,Shank Edward L Esq
Gearldine,G,Gellinger,gearldine_gellinger@gellinger.com,,4 Bloomfield Ave,Irving,TX,75061,972-934-6914,Megibow & Edwards
Chau,C,Kitzman,chau@gmail.com,,429 Tiger Ln,Beverly Hills,CA,90212,310-560-8022,Benoff Edward Esq
Theola,T,Frey,theola_frey@frey.com,,54169 N Main St,Massapequa,NY,11758,516-948-5768,Woodbridge Free Public Library
Cheryl,C,Haroldson,cheryl@haroldson.org,,92 Main St,Atlantic City,NJ,8401,609-518-7697,New York Life John Thune
Laticia,L,Merced,lmerced@gmail.com,,72 Mannix Dr,Cincinnati,OH,45203,513-508-7371,Alinabal Inc
Carissa,C,Batman,carissa.batman@yahoo.com,,12270 Caton Center Dr,Eugene,OR,97401,541-326-4074,Poletto Kim David Esq
Lezlie,L,Craghead,lezlie.craghead@craghead.org,,749 W 18th St #45,Smithfield,NC,27577,919-533-3762,Chang Carolyn Esq
Ozell,O,Shealy,oshealy@hotmail.com,,8 Industry Ln,New York,NY,10002,212-332-8435,Silver Bros Inc
Arminda,A,Parvis,arminda@parvis.com,,1 Huntwood Ave,Phoenix,AZ,85017,602-906-9419,Newtec Inc
Reita,R,Leto,reita.leto@gmail.com,,55262 N French Rd,Indianapolis,IN,46240,317-234-1135,Creative Business Systems
Yolando,Y,Luczki,yolando@cox.net,,422 E 21st St,Syracuse,NY,13214,315-304-4759,Dal Tile Corporation
Lizette,L,Stem,lizette.stem@aol.com,,501 N 19th Ave,Cherry Hill,NJ,8002,856-487-5412,Edward S Katz
Gregoria,G,Pawlowicz,gpawlowicz@yahoo.com,,455 N Main Ave,Garden City,NY,11530,516-212-1915,Oh My Goodknits Inc
Carin,C,Deleo,cdeleo@deleo.com,,1844 Southern Blvd,Little Rock,AR,72202,501-308-1040,Redeker Debbie
Chantell,C,Maynerich,chantell@yahoo.com,,2023 Greg St,Saint Paul,MN,55101,651-591-2583,Desert Sands Motel
Dierdre,D,Yum,dyum@yahoo.com,,63381 Jenks Ave,Philadelphia,PA,19134,215-325-3042,Cummins Southern Plains Inc
Larae,L,Gudroe,larae_gudroe@gmail.com,,6651 Municipal Rd,Houma,LA,70360,985-890-7262,Lehigh Furn Divsn Lehigh
Latrice,L,Tolfree,latrice.tolfree@hotmail.com,,81 Norris Ave #525,Ronkonkoma,NY,11779,631-957-7624,United Van Lines Agent
Kerry,K,Theodorov,kerry.theodorov@gmail.com,,6916 W Main St,Sacramento,CA,95827,916-591-3277,Capitol Reporters
Dorthy,D,Hidvegi,dhidvegi@yahoo.com,,9635 S Main St,Boise,ID,83704,208-649-2373,Kwik Kopy Printing
Fannie,F,Lungren,fannie.lungren@yahoo.com,,17 Us Highway 111,Round Rock,TX,78664,512-587-5746,Centro Inc
Evangelina,E,Radde,evangelina@aol.com,,992 Civic Center Dr,Philadelphia,PA,19123,215-964-3284,Campbell Jan Esq
Novella,N,Degroot,novella_degroot@degroot.org,,303 N Radcliffe St,Hilo,HI,96720,808-477-4775,Evans C Kelly Esq
Clay,C,Hoa,choa@hoa.org,,73 Saint Ann St #86,Reno,NV,89502,775-501-8109,Scat Enterprises
Jennifer,J,Fallick,jfallick@yahoo.com,,44 58th St,Wheeling,IL,60090,847-979-9545,Nagle Daniel J Esq
Irma,I,Wolfgramm,irma.wolfgramm@hotmail.com,,9745 W Main St,Randolph,NJ,7869,973-545-7355,Serendiquity Bed & Breakfast
Eun,E,Coody,eun@yahoo.com,,84 Bloomfield Ave,Spartanburg,SC,29301,864-256-3620,Ray Carolyne Realty
Sylvia,S,Cousey,sylvia_cousey@cousey.org,,287 Youngstown Warren Rd,Hampstead,MD,21074,410-209-9545,Berg Charles E
Nana,N,Wrinkles,nana@aol.com,,6 Van Buren St,Mount Vernon,NY,10553,914-855-2115,Ray Milbern D
Layla,L,Springe,layla.springe@cox.net,,229 N Forty Driv,New York,NY,10011,212-260-3151,Chadds Ford Winery
Joesph,J,Degonia,joesph_degonia@degonia.org,,2887 Knowlton St #5435,Berkeley,CA,94710,510-677-9785,A R Packaging
Annabelle,A,Boord,annabelle.boord@cox.net,,523 Marquette Ave,Concord,MA,1742,978-697-6263,Corn Popper
Stephaine,S,Vinning,stephaine@cox.net,,3717 Hamann Industrial Pky,San Francisco,CA,94104,415-767-6596,Birite Foodservice Distr
Nelida,N,Sawchuk,nelida@gmail.com,,3 State Route 35 S,Paramus,NJ,7652,201-971-1638,Anchorage Museum Of Hist & Art
Marguerita,M,Hiatt,marguerita.hiatt@gmail.com,,82 N Highway 67,Oakley,CA,94561,925-634-7158,Haber George D Md
Carmela,C,Cookey,ccookey@cookey.org,,9 Murfreesboro Rd,Chicago,IL,60623,773-494-4195,Royal Pontiac Olds Inc
Junita,J,Brideau,jbrideau@aol.com,,6 S Broadway St,Cedar Grove,NJ,7009,973-943-3423,Leonards Antiques Inc
Claribel,C,Varriano,claribel_varriano@cox.net,,6 Harry L Dr #6327,Perrysburg,OH,43551,419-544-4900,Meca
Benton,B,Skursky,benton.skursky@aol.com,,47939 Porter Ave,Gardena,CA,90248,310-579-2907,Nercon Engineering & Mfg Inc
Hillary,H,Skulski,hillary.skulski@aol.com,,9 Wales Rd Ne #914,Homosassa,FL,34448,352-242-2570,Replica I
Merilyn,M,Bayless,merilyn_bayless@cox.net,,195 13n N,Santa Clara,CA,95054,408-758-5015,20 20 Printing Inc
Teri,T,Ennaco,tennaco@gmail.com,,99 Tank Farm Rd,Hazleton,PA,18201,570-889-5187,Publishers Group West
Merlyn,M,Lawler,merlyn_lawler@hotmail.com,,4671 Alemany Blvd,Jersey City,NJ,7304,201-588-7810,Nischwitz Jeffrey L Esq
Georgene,G,Montezuma,gmontezuma@cox.net,,98 University Dr,San Ramon,CA,94583,925-615-5185,Payne Blades & Wellborn Pa
Jettie,J,Mconnell,jmconnell@hotmail.com,,50 E Wacker Dr,Bridgewater,NJ,8807,908-802-3564,Coldwell Bnkr Wright Real Est
Lemuel,L,Latzke,lemuel.latzke@gmail.com,,70 Euclid Ave #722,Bohemia,NY,11716,631-748-6479,Computer Repair Service
Melodie,M,Knipp,mknipp@gmail.com,,326 E Main St #6496,Thousand Oaks,CA,91362,805-690-1682,Fleetwood Building Block Inc
Candida,C,Corbley,candida_corbley@hotmail.com,,406 Main St,Somerville,NJ,8876,908-275-8357,Colts Neck Medical Assocs Inc
Karan,K,Karpin,karan_karpin@gmail.com,,3 Elmwood Dr,Beaverton,OR,97005,503-940-8327,New England Taxidermy
Andra,A,Scheyer,andra@gmail.com,,9 Church St,Salem,OR,97302,503-516-2189,Ludcke George O Esq
Felicidad,F,Poullion,fpoullion@poullion.com,,9939 N 14th St,Riverton,NJ,8077,856-305-9731,Mccorkle Tom S Esq
Belen,B,Strassner,belen_strassner@aol.com,,5384 Southwyck Blvd,Douglasville,GA,30135,770-507-8791,Eagle Software Inc
Gracia,G,Melnyk,gracia@melnyk.com,,97 Airport Loop Dr,Jacksonville,FL,32216,904-235-3633,Juvenile & Adult Super
Jolanda,J,Hanafan,jhanafan@gmail.com,,37855 Nolan Rd,Bangor,ME,4401,207-458-9196,Perez Joseph J Esq
Barrett,B,Toyama,barrett.toyama@toyama.org,,4252 N Washington Ave #9,Kennedale,TX,76060,817-765-5781,Case Foundation Co
Helga,H,Fredicks,helga_fredicks@yahoo.com,,42754 S Ash Ave,Buffalo,NY,14228,716-752-4114,Eis Environmental Engrs Inc
Ashlyn,A,Pinilla,apinilla@cox.net,,703 Beville Rd,Opa Locka,FL,33054,305-670-9628,Art Crafters
Fausto,F,Agramonte,fausto_agramonte@yahoo.com,,5 Harrison Rd,New York,NY,10038,212-313-1783,Marriott Hotels Resorts Suites
Ronny,R,Caiafa,ronny.caiafa@caiafa.org,,73 Southern Blvd,Philadelphia,PA,19103,215-605-7570,Remaco Inc
Marge,M,Limmel,marge@gmail.com,,189 Village Park Rd,Crestview,FL,32536,850-430-1663,Bjork Robert D Jr
Norah,N,Waymire,norah.waymire@gmail.com,,6 Middlegate Rd #106,San Francisco,CA,94107,415-306-7897,Carmichael Jeffery L Esq
Aliza,A,Baltimore,aliza@aol.com,,1128 Delaware St,San Jose,CA,95132,408-504-3552,Andrews J Robert Esq
Mozell,M,Pelkowski,mpelkowski@pelkowski.org,,577 Parade St,South San Francisco,CA,94080,650-947-1215,Winship & Byrne
Viola,V,Bitsuie,viola@gmail.com,,70 Mechanic St,Northridge,CA,91325,818-864-4875,Burton & Davis
Franklyn,F,Emard,femard@emard.com,,4379 Highway 116,Philadelphia,PA,19103,215-558-8189,Olympic Graphic Arts
Willodean,W,Konopacki,willodean_konopacki@konopacki.org,,55 Hawthorne Blvd,Lafayette,LA,70506,337-253-8384,Magnuson
Beckie,B,Silvestrini,beckie.silvestrini@silvestrini.com,,7116 Western Ave,Dearborn,MI,48126,313-533-4884,A All American Travel Inc
Rebecka,R,Gesick,rgesick@gesick.org,,2026 N Plankinton Ave #3,Austin,TX,78754,512-213-8574,Polykote Inc
Frederica,F,Blunk,frederica_blunk@gmail.com,,99586 Main St,Dallas,TX,75207,214-428-2285,Jets Cybernetics
Glen,G,Bartolet,glen_bartolet@hotmail.com,,8739 Hudson St,Vashon,WA,98070,206-697-5796,Metlab Testing Services
Freeman,F,Gochal,freeman_gochal@aol.com,,383 Gunderman Rd #197,Coatesville,PA,19320,610-476-3501,Kellermann William T Esq
Vincent,V,Meinerding,vincent.meinerding@hotmail.com,,4441 Point Term Mkt,Philadelphia,PA,19143,215-372-1718,Arturi Peter D Esq
Rima,R,Bevelacqua,rima@cox.net,,2972 Lafayette Ave,Gardena,CA,90248,310-858-5079,Mcauley Mfg Co
Glendora,G,Sarbacher,gsarbacher@gmail.com,,2140 Diamond Blvd,Rohnert Park,CA,94928,707-653-8214,Defur Voran Hanley Radcliff
Avery,A,Steier,avery@cox.net,,93 Redmond Rd #492,Orlando,FL,32803,407-808-9439,Dill Dill Carr & Stonbraker Pc
Cristy,C,Lother,cristy@lother.com,,3989 Portage Tr,Escondido,CA,92025,760-971-4322,Kleensteel
Nicolette,N,Brossart,nicolette_brossart@brossart.com,,1 Midway Rd,Westborough,MA,1581,508-837-9230,Goulds Pumps Inc Slurry Pump
Tracey,T,Modzelewski,tracey@hotmail.com,,77132 Coon Rapids Blvd Nw,Conroe,TX,77301,936-264-9294,Kansas City Insurance Report
Virgina,V,Tegarden,virgina_tegarden@tegarden.com,,755 Harbor Way,Milwaukee,WI,53226,414-214-8697,Berhanu International Foods
Tiera,T,Frankel,tfrankel@aol.com,,87 Sierra Rd,El Monte,CA,91731,626-636-4117,Roland Ashcroft
Alaine,A,Bergesen,alaine_bergesen@cox.net,,7667 S Hulen St #42,Yonkers,NY,10701,914-300-9193,Hispanic Magazine
Earleen,E,Mai,earleen_mai@cox.net,,75684 S Withlapopka Dr #32,Dallas,TX,75227,214-289-1973,Little Sheet Metal Co
Leonida,L,Gobern,leonida@gobern.org,,5 Elmwood Park Blvd,Biloxi,MS,39530,228-235-5615,Holmes Armstead J Esq
Ressie,R,Auffrey,ressie.auffrey@yahoo.com,,23 Palo Alto Sq,Miami,FL,33134,305-604-8981,Faw James C Cpa
Justine,J,Mugnolo,jmugnolo@yahoo.com,,38062 E Main St,New York,NY,10048,212-304-9225,Evans Rule Company
Eladia,E,Saulter,eladia@saulter.com,,3958 S Dupont Hwy #7,Ramsey,NJ,7446,201-474-4924,Tyee Productions Inc
Chaya,C,Malvin,chaya@malvin.com,,560 Civic Center Dr,Ann Arbor,MI,48103,734-928-5182,Dunnells & Duvall
Gwenn,G,Suffield,gwenn_suffield@suffield.org,,3270 Dequindre Rd,Deer Park,NY,11729,631-258-6558,Deltam Systems Inc
Salena,S,Karpel,skarpel@cox.net,,1 Garfield Ave #7,Canton,OH,44707,330-791-8557,Hammill Mfg Co
Yoko,Y,Fishburne,yoko@fishburne.com,,9122 Carpenter Ave,New Haven,CT,6511,203-506-4706,Sams Corner Store
Taryn,T,Moyd,taryn.moyd@hotmail.com,,48 Lenox St,Fairfax,VA,22030,703-322-4041,Siskin Mark J Esq
Katina,K,Polidori,katina_polidori@aol.com,,5 Little River Tpke,Wilmington,MA,1887,978-626-2978,Cape & Associates Real Estate
Rickie,R,Plumer,rickie.plumer@aol.com,,3 N Groesbeck Hwy,Toledo,OH,43613,419-693-1334,Merrill Lynch
Alex,A,Loader,alex@loader.com,,37 N Elm St #916,Tacoma,WA,98409,253-660-7821,Sublett Scott Esq
Lashon,L,Vizarro,lashon@aol.com,,433 Westminster Blvd #590,Roseville,CA,95661,916-741-7884,Sentry Signs
Lauran,L,Burnard,lburnard@burnard.com,,66697 Park Pl #3224,Riverton,WY,82501,307-342-7795,Professionals Unlimited
Ceola,C,Setter,ceola.setter@setter.org,,96263 Greenwood Pl,Warren,ME,4864,207-627-7565,Southern Steel Shelving Co
My,M,Rantanen,my@hotmail.com,,8 Mcarthur Ln,Richboro,PA,18954,215-491-5633,Bosco Paul J
Lorrine,L,Worlds,lorrine.worlds@worlds.com,,8 Fair Lawn Ave,Tampa,FL,33614,813-769-2939,Longo Nicholas J Esq
Peggie,P,Sturiale,peggie@cox.net,,9 N 14th St,El Cajon,CA,92020,619-608-1763,Henry County Middle School
Marvel,M,Raymo,mraymo@yahoo.com,,9 Vanowen St,College Station,TX,77840,979-718-8968,Edison Supply & Equipment Co
Daron,D,Dinos,daron_dinos@cox.net,,18 Waterloo Geneva Rd,Highland Park,IL,60035,847-233-3075,Wolf Warren R Esq
An,A,Fritz,an_fritz@hotmail.com,,506 S Hacienda Dr,Atlantic City,NJ,8401,609-228-5265,Linguistic Systems Inc
Portia,P,Stimmel,portia.stimmel@aol.com,,3732 Sherman Ave,Bridgewater,NJ,8807,908-722-7128,Peace Christian Center
Rhea,R,Aredondo,rhea_aredondo@cox.net,,25657 Live Oak St,Brooklyn,NY,11226,718-560-9537,Double B Foods Inc
Benedict,B,Sama,bsama@cox.net,,4923 Carey Ave,Saint Louis,MO,63104,314-787-1588,Alexander & Alexander Inc
Alyce,A,Arias,alyce@arias.org,,3196 S Rider Trl,Stockton,CA,95207,209-317-1801,Fairbanks Scales
Heike,H,Berganza,heike@gmail.com,,3 Railway Ave #75,Little Falls,NJ,7424,973-936-5095,Cali Sportswear Cutting Dept
Carey,C,Dopico,carey_dopico@dopico.org,,87393 E Highland Rd,Indianapolis,IN,46220,317-578-2453,Garofani John Esq
Dottie,D,Hellickson,dottie@hellickson.org,,67 E Chestnut Hill Rd,Seattle,WA,98133,206-540-6076,Thompson Fabricating Co
Deandrea,D,Hughey,deandrea@yahoo.com,,33 Lewis Rd #46,Burlington,NC,27215,336-822-7652,Century 21 Krall Real Estate
Kimberlie,K,Duenas,kimberlie_duenas@yahoo.com,,8100 Jacksonville Rd #7,Hays,KS,67601,785-629-8542,Mid Contntl Rlty & Prop Mgmt
Martina,M,Staback,martina_staback@staback.com,,7 W Wabansia Ave #227,Orlando,FL,32822,407-471-6908,Ace Signs Inc
Skye,S,Fillingim,skye_fillingim@yahoo.com,,25 Minters Chapel Rd #9,Minneapolis,MN,55401,612-508-2655,Rodeway Inn
Jade,J,Farrar,jade.farrar@yahoo.com,,6882 Torresdale Ave,Columbia,SC,29201,803-352-5387,Bonnet & Daughter
Charlene,C,Hamilton,charlene.hamilton@hotmail.com,,985 E 6th Ave,Santa Rosa,CA,95407,707-300-1771,Oshins & Gibbons
Geoffrey,G,Acey,geoffrey@gmail.com,,7 West Ave #1,Palatine,IL,60067,847-222-1734,Price Business Services
Stevie,S,Westerbeck,stevie.westerbeck@yahoo.com,,26659 N 13th St,Costa Mesa,CA,92626,949-867-4077,Wise Dennis W Md
Pamella,P,Fortino,pamella@fortino.com,,669 Packerland Dr #1438,Denver,CO,80212,303-404-2210,Super 8 Motel
Harrison,H,Haufler,hhaufler@hotmail.com,,759 Eldora St,New Haven,CT,6515,203-801-6193,John Wagner Associates
Johnna,J,Engelberg,jengelberg@engelberg.org,,5 S Colorado Blvd #449,Bothell,WA,98021,425-986-7573,Thrifty Oil Co
Buddy,B,Cloney,buddy.cloney@yahoo.com,,944 Gaither Dr,Strongsville,OH,44136,440-989-5826,Larkfield Photo
Dalene,D,Riden,dalene.riden@aol.com,,66552 Malone Rd,Plaistow,NH,3865,603-315-6839,Silverman Planetarium
Jerry,J,Zurcher,jzurcher@zurcher.org,,77 Massillon Rd #822,Satellite Beach,FL,32937,321-518-5938,J & F Lumber
Haydee,H,Denooyer,hdenooyer@denooyer.org,,25346 New Rd,New York,NY,10016,212-792-8658,Cleaning Station Inc
Joseph,J,Cryer,joseph_cryer@cox.net,,60 Fillmore Ave,Huntington Beach,CA,92647,714-584-2237,Ames Stationers
Deonna,D,Kippley,deonna_kippley@hotmail.com,,57 Haven Ave #90,Southfield,MI,48075,248-913-4677,Midas Muffler Shops
Raymon,R,Calvaresi,raymon.calvaresi@gmail.com,,6538 E Pomona St #60,Indianapolis,IN,46222,317-825-4724,Seaboard Securities Inc
Alecia,A,Bubash,alecia@aol.com,,6535 Joyce St,Wichita Falls,TX,76301,940-276-7922,Petersen James E Esq
Ma,M,Layous,mlayous@hotmail.com,,78112 Morris Ave,North Haven,CT,6473,203-721-3388,Development Authority
Detra,D,Coyier,detra@aol.com,,96950 Hidden Ln,Aberdeen,MD,21001,410-739-9277,Schott Fiber Optics Inc
Terrilyn,T,Rodeigues,terrilyn.rodeigues@cox.net,,3718 S Main St,New Orleans,LA,70130,504-463-4384,Stuart J Agins
Salome,S,Lacovara,slacovara@gmail.com,,9677 Commerce Dr,Richmond,VA,23219,804-550-5097,Mitsumi Electronics Corp
Garry,G,Keetch,garry_keetch@hotmail.com,,5 Green Pond Rd #4,Southampton,PA,18966,215-979-8776,Italian Express Franchise Corp
Matthew,M,Neither,mneither@yahoo.com,,636 Commerce Dr #42,Shakopee,MN,55379,952-651-7597,American Council On Sci & Hlth
Theodora,T,Restrepo,theodora.restrepo@restrepo.com,,42744 Hamann Industrial Pky #82,Miami,FL,33136,305-936-8226,Kleri Patricia S Esq
Noah,N,Kalafatis,noah.kalafatis@aol.com,,1950 5th Ave,Milwaukee,WI,53209,414-263-5287,Twiggs Abrams Blanchard
Carmen,C,Sweigard,csweigard@sweigard.com,,61304 N French Rd,Somerset,NJ,8873,732-941-2621,Maui Research & Technology Pk
Lavonda,L,Hengel,lavonda@cox.net,,87 Imperial Ct #79,Fargo,ND,58102,701-898-2154,Bradley Nameplate Corp
Junita,J,Stoltzman,junita@aol.com,,94 W Dodge Rd,Carson City,NV,89701,775-638-9963,Geonex Martel Inc
Herminia,H,Nicolozakes,herminia@nicolozakes.org,,4 58th St #3519,Scottsdale,AZ,85254,602-954-5141,Sea Island Div Of Fstr Ind Inc
Casie,C,Good,casie.good@aol.com,,5221 Bear Valley Rd,Nashville,TN,37211,615-390-2251,Papay Debbie J Esq
Reena,R,Maisto,reena@hotmail.com,,9648 S Main,Salisbury,MD,21801,410-351-1863,Lane Promotions
Mirta,M,Mallett,mirta_mallett@gmail.com,,7 S San Marcos Rd,New York,NY,10004,212-870-1286,Stephen Kennerly Archts Inc Pc
Cathrine,C,Pontoriero,cathrine.pontoriero@pontoriero.com,,812 S Haven St,Amarillo,TX,79109,806-703-1435,Business Systems Of Wis Inc
Filiberto,F,Tawil,ftawil@hotmail.com,,3882 W Congress St #799,Los Angeles,CA,90016,323-765-2528,Flash Elena Salerno Esq
Raul,R,Upthegrove,rupthegrove@yahoo.com,,4 E Colonial Dr,La Mesa,CA,91942,619-509-5282,Neeley Gregory W Esq
Sarah,S,Candlish,sarah.candlish@gmail.com,,45 2nd Ave #9759,Atlanta,GA,30328,770-732-1194,Alabama Educational Tv Comm
Lucy,L,Treston,lucy@cox.net,,57254 Brickell Ave #372,Worcester,MA,1602,508-769-5250,Franz Inc
Judy,J,Aquas,jaquas@aquas.com,,8977 Connecticut Ave Nw #3,Niles,MI,49120,269-756-7222,Plantation Restaurant
Yvonne,Y,Tjepkema,yvonne.tjepkema@hotmail.com,,9 Waydell St,Fairfield,NJ,7004,973-714-1721,Radio Communications Co
Kayleigh,K,Lace,kayleigh.lace@yahoo.com,,43 Huey P Long Ave,Lafayette,LA,70508,337-740-9323,Dentalaw Divsn Hlth Care
Felix,F,Hirpara,felix_hirpara@cox.net,,7563 Cornwall Rd #4462,Denver,PA,17517,717-491-5643,American Speedy Printing Ctrs
Tresa,T,Sweely,tresa_sweely@hotmail.com,,22 Bridle Ln,Valley Park,MO,63088,314-359-9566,Grayson Grant S Esq
Kristeen,K,Turinetti,kristeen@gmail.com,,70099 E North Ave,Arlington,TX,76013,817-213-8851,Jeanerette Middle School
Jenelle,J,Regusters,jregusters@regusters.com,,3211 E Northeast Loop,Tampa,FL,33619,813-932-8715,Haavisto Brian F Esq
Renea,R,Monterrubio,renea@hotmail.com,,26 Montgomery St,Atlanta,GA,30328,770-679-4752,Wmmt Radio Station
Olive,O,Matuszak,olive@aol.com,,13252 Lighthouse Ave,Cathedral City,CA,92234,760-938-6069,Colony Paints Sales Ofc & Plnt
Ligia,L,Reiber,lreiber@cox.net,,206 Main St #2804,Lansing,MI,48933,517-906-1108,Floral Expressions
Christiane,C,Eschberger,christiane.eschberger@yahoo.com,,96541 W Central Blvd,Phoenix,AZ,85034,602-390-4944,Casco Services Inc
Goldie,G,Schirpke,goldie.schirpke@yahoo.com,,34 Saint George Ave #2,Bangor,ME,4401,207-295-7569,Reuter Arthur C Jr
Loreta,L,Timenez,loreta.timenez@hotmail.com,,47857 Coney Island Ave,Clinton,MD,20735,301-696-6420,Kaminski Katherine Andritsaki
Fabiola,F,Hauenstein,fabiola.hauenstein@hauenstein.org,,8573 Lincoln Blvd,York,PA,17404,717-809-3119,Sidewinder Products Corp
Amie,A,Perigo,amie.perigo@yahoo.com,,596 Santa Maria Ave #7913,Mesquite,TX,75150,972-419-7946,General Foam Corporation
Raina,R,Brachle,raina.brachle@brachle.org,,3829 Ventura Blvd,Butte,MT,59701,406-318-1515,Ikg Borden Divsn Harsco Corp
Erinn,E,Canlas,erinn.canlas@canlas.com,,13 S Hacienda Dr,Livingston,NJ,7039,973-767-3008,Anchor Computer Inc
Cherry,C,Lietz,cherry@lietz.com,,40 9th Ave Sw #91,Waterford,MI,48329,248-980-6904,Sebring & Co
Kattie,K,Vonasek,kattie@vonasek.org,,2845 Boulder Crescent St,Cleveland,OH,44103,216-923-3715,H A C Farm Lines Co Optv Assoc
Lilli,L,Scriven,lilli@aol.com,,33 State St,Abilene,TX,79601,325-631-1560,Hunter John J Esq
Whitley,W,Tomasulo,whitley.tomasulo@aol.com,,2 S 15th St,Fort Worth,TX,76107,817-526-4408,Freehold Fence Co
Barbra,B,Adkin,badkin@hotmail.com,,4 Kohler Memorial Dr,Brooklyn,NY,11230,718-201-3751,Binswanger
Hermila,H,Thyberg,hermila_thyberg@hotmail.com,,1 Rancho Del Mar Shopping C,Providence,RI,2903,401-893-4882,Chilton Malting Co
Jesusita,J,Flister,jesusita.flister@hotmail.com,,3943 N Highland Ave,Lancaster,PA,17601,717-885-9118,Schoen Edward J Jr
Caitlin,C,Julia,caitlin.julia@julia.org,,5 Williams St,Johnston,RI,2919,401-948-4982,Helderman Seymour Cpa
Roosevelt,R,Hoffis,roosevelt.hoffis@aol.com,,60 Old Dover Rd,Hialeah,FL,33014,305-622-4739,Denbrook Myron
Helaine,H,Halter,hhalter@yahoo.com,,8 Sheridan Rd,Jersey City,NJ,7304,201-832-4168,Lippitt Mike
Lorean,L,Martabano,lorean.martabano@hotmail.com,,85092 Southern Blvd,San Antonio,TX,78204,210-856-4979,Hiram Hogg P Esq
France,F,Buzick,france.buzick@yahoo.com,,64 Newman Springs Rd E,Brooklyn,NY,11219,718-478-8504,In Travel Agency
Justine,J,Ferrario,jferrario@hotmail.com,,48 Stratford Ave,Pomona,CA,91768,909-993-3242,Newhart Foods Inc
Adelina,A,Nabours,adelina_nabours@gmail.com,,80 Pittsford Victor Rd #9,Cleveland,OH,44103,216-230-4892,Courtyard By Marriott
Derick,D,Dhamer,ddhamer@cox.net,,87163 N Main Ave,New York,NY,10013,212-304-4515,Studer Eugene A Esq
Jerry,J,Dallen,jerry.dallen@yahoo.com,,393 Lafayette Ave,Richmond,VA,23219,804-762-9576,Seashore Supply Co Waretown
Leota,L,Ragel,leota.ragel@gmail.com,,99 5th Ave #33,Trion,GA,30753,706-221-4243,Mayar Silk Inc
Jutta,J,Amyot,jamyot@hotmail.com,,49 N Mays St,Broussard,LA,70518,337-515-1438,National Medical Excess Corp
Aja,A,Gehrett,aja_gehrett@hotmail.com,,993 Washington Ave,Nutley,NJ,7110,973-544-2677,Stero Company
Kirk,K,Herritt,kirk.herritt@aol.com,,88 15th Ave Ne,Vestal,NY,13850,607-407-3716,Hasting H Duane Esq
Leonora,L,Mauson,leonora@yahoo.com,,3381 E 40th Ave,Passaic,NJ,7055,973-412-2995,Insty Prints
Winfred,W,Brucato,winfred_brucato@hotmail.com,,201 Ridgewood Rd,Moscow,ID,83843,208-252-4552,Glenridge Manor Mobile Home Pk
Tarra,T,Nachor,tarra.nachor@cox.net,,39 Moccasin Dr,San Francisco,CA,94104,415-411-1775,Circuit Solution Inc
Corinne,C,Loder,corinne@loder.org,,4 Carroll St,North Attleboro,MA,2760,508-942-4186,Local Office
Dulce,D,Labreche,dulce_labreche@yahoo.com,,9581 E Arapahoe Rd,Rochester,MI,48307,248-357-8718,Lee Kilkelly Paulson & Kabaker
Kate,K,Keneipp,kate_keneipp@yahoo.com,,33 N Michigan Ave,Green Bay,WI,54301,920-353-6377,Davis Maxon R Esq
Kaitlyn,K,Ogg,kaitlyn.ogg@gmail.com,,2 S Biscayne Blvd,Baltimore,MD,21230,410-665-4903,Garrison Paul E Esq
Sherita,S,Saras,sherita.saras@cox.net,,8 Us Highway 22,Colorado Springs,CO,80937,719-669-1664,Black History Resource Center
Lashawnda,L,Stuer,lstuer@cox.net,,7422 Martin Ave #8,Toledo,OH,43607,419-588-8719,Rodriguez J Christopher Esq
Ernest,E,Syrop,ernest@cox.net,,94 Chase Rd,Hyattsville,MD,20785,301-998-9644,Grant Family Health Center
Nobuko,N,Halsey,nobuko.halsey@yahoo.com,,8139 I Hwy 10 #92,New Bedford,MA,2745,508-855-9887,Goeman Wood Products Inc
Lavonna,L,Wolny,lavonna.wolny@hotmail.com,,5 Cabot Rd,Mc Lean,VA,22102,703-483-1970,Linhares Kenneth A Esq
Lashaunda,L,Lizama,llizama@cox.net,,3387 Ryan Dr,Hanover,MD,21076,410-678-2473,Earnhardt Printing
Mariann,M,Bilden,mariann.bilden@aol.com,,3125 Packer Ave #9851,Austin,TX,78753,512-223-4791,H P G Industrys Inc
Helene,H,Rodenberger,helene@aol.com,,347 Chestnut St,Peoria,AZ,85381,623-461-8551,Bailey Transportation Prod Inc
Roselle,R,Estell,roselle.estell@hotmail.com,,8116 Mount Vernon Ave,Bucyrus,OH,44820,419-571-5920,Mcglynn Bliss Pc
Samira,S,Heintzman,sheintzman@hotmail.com,,8772 Old County Rd #5410,Kent,WA,98032,206-311-4137,Mutual Fish Co
Margart,M,Meisel,margart_meisel@yahoo.com,,868 State St #38,Cincinnati,OH,45251,513-617-2362,Yeates Arthur L Aia
Kristofer,K,Bennick,kristofer.bennick@yahoo.com,,772 W River Dr,Bloomington,IN,47404,812-368-1511,Logan Ronald J Esq
Weldon,W,Acuff,wacuff@gmail.com,,73 W Barstow Ave,Arlington Heights,IL,60004,847-353-2156,Advantage Martgage Company
Shalon,S,Shadrick,shalon@cox.net,,61047 Mayfield Ave,Brooklyn,NY,11223,718-232-2337,Germer And Gertz Llp
Denise,D,Patak,denise@patak.org,,2139 Santa Rosa Ave,Orlando,FL,32801,407-446-4358,Spence Law Offices
Louvenia,L,Beech,louvenia.beech@beech.com,,598 43rd St,Beverly Hills,CA,90210,310-820-2117,John Ortiz Nts Therapy Center
Audry,A,Yaw,audry.yaw@yaw.org,,70295 Pioneer Ct,Brandon,FL,33511,813-797-4816,Mike Uchrin Htg & Air Cond Inc
Kristel,K,Ehmann,kristel.ehmann@aol.com,,92899 Kalakaua Ave,El Paso,TX,79925,915-452-1290,Mccoy Joy Reynolds Esq
Vincenza,V,Zepp,vzepp@gmail.com,,395 S 6th St #2,El Cajon,CA,92020,619-603-5125,Kbor 1600 Am
Elouise,E,Gwalthney,egwalthney@yahoo.com,,9506 Edgemore Ave,Bladensburg,MD,20710,301-841-5012,Quality Inn Northwest
Venita,V,Maillard,venita_maillard@gmail.com,,72119 S Walker Ave #63,Anaheim,CA,92801,714-523-6653,Wallace Church Assoc Inc
Kasandra,K,Semidey,kasandra_semidey@semidey.com,,369 Latham St #500,Saint Louis,MO,63102,314-732-9131,Can Tron
Xochitl,X,Discipio,xdiscipio@gmail.com,,3158 Runamuck Pl,Round Rock,TX,78664,512-233-1831,Ravaal Enterprises Inc
Maile,M,Linahan,mlinahan@yahoo.com,,9 Plainsboro Rd #598,Greensboro,NC,27409,336-670-2640,Thompson Steel Company Inc
Krissy,K,Rauser,krauser@cox.net,,8728 S Broad St,Coram,NY,11727,631-443-4710,Anderson Mark A Esq
Pete,P,Dubaldi,pdubaldi@hotmail.com,,2215 Prosperity Dr,Lyndhurst,NJ,7071,201-825-2514,Womack & Galich
Linn,L,Paa,linn_paa@paa.com,,1 S Pine St,Memphis,TN,38112,901-412-4381,Valerie & Company
Paris,P,Wide,paris@hotmail.com,,187 Market St,Atlanta,GA,30342,404-505-4445,Gehring Pumps Inc
Wynell,W,Dorshorst,wynell_dorshorst@dorshorst.org,,94290 S Buchanan St,Pacifica,CA,94044,650-473-1262,Haehnel Craig W Esq
Quentin,Q,Birkner,qbirkner@aol.com,,7061 N 2nd St,Burnsville,MN,55337,952-702-7993,Spoor Behrins Campbell & Young
Regenia,R,Kannady,regenia.kannady@cox.net,,10759 Main St,Scottsdale,AZ,85260,480-726-1280,Ken Jeter Store Equipment Inc
Sheron,S,Louissant,sheron@aol.com,,97 E 3rd St #9,Long Island City,NY,11101,718-976-8610,Potter Brenda J Cpa
Izetta,I,Funnell,izetta.funnell@hotmail.com,,82 Winsor St #54,Atlanta,GA,30340,770-844-3447,Baird Kurtz & Dobson
Rodolfo,R,Butzen,rodolfo@hotmail.com,,41 Steel Ct,Northfield,MN,55057,507-210-3510,Minor Cynthia A Esq
Zona,Z,Colla,zona@hotmail.com,,49440 Dearborn St,Norwalk,CT,6854,203-461-1949,Solove Robert A Esq
Serina,S,Zagen,szagen@aol.com,,7 S Beverly Dr,Fort Wayne,IN,46802,260-273-3725,Mark Ii Imports Inc
Paz,P,Sahagun,paz_sahagun@cox.net,,919 Wall Blvd,Meridian,MS,39307,601-927-8287,White Sign Div Ctrl Equip Co
Markus,M,Lukasik,markus@yahoo.com,,89 20th St E #779,Sterling Heights,MI,48310,586-970-7380,M & M Store Fixtures Co Inc
Jaclyn,J,Bachman,jaclyn@aol.com,,721 Interstate 45 S,Colorado Springs,CO,80919,719-853-3600,Judah Caster & Wheel Co
Cyril,C,Daufeldt,cyril_daufeldt@daufeldt.com,,3 Lawton St,New York,NY,10013,212-745-8484,Galaxy International Inc
Gayla,G,Schnitzler,gschnitzler@gmail.com,,38 Pleasant Hill Rd,Hayward,CA,94545,510-686-3407,Sigma Corp Of America
Erick,E,Nievas,erick_nievas@aol.com,,45 E Acacia Ct,Chicago,IL,60624,773-704-9903,Soward Anne Esq
Jennie,J,Drymon,jennie@cox.net,,63728 Poway Rd #1,Scranton,PA,18509,570-218-4831,Osborne Michelle M Esq
Mitsue,M,Scipione,mscipione@scipione.com,,77 222 Dr,Oroville,CA,95965,530-986-9272,Students In Free Entrprs Natl
Ciara,C,Ventura,cventura@yahoo.com,,53 W Carey St,Port Jervis,NY,12771,845-823-8877,Johnson Robert M Esq
Galen,G,Cantres,galen@yahoo.com,,617 Nw 36th Ave,Brook Park,OH,44142,216-600-6111,Del Charro Apartments
Truman,T,Feichtner,tfeichtner@yahoo.com,,539 Coldwater Canyon Ave,Bloomfield,NJ,7003,973-852-2736,Legal Search Inc
Gail,G,Kitty,gail@kitty.com,,735 Crawford Dr,Anchorage,AK,99501,907-435-9166,Service Supply Co Inc
Dalene,D,Schoeneck,dalene@schoeneck.org,,910 Rahway Ave,Philadelphia,PA,19102,215-268-1275,Sameshima Douglas J Esq
Gertude,G,Witten,gertude.witten@gmail.com,,7 Tarrytown Rd,Cincinnati,OH,45217,513-977-7043,Thompson John Randolph Jr
Lizbeth,L,Kohl,lizbeth@yahoo.com,,35433 Blake St #588,Gardena,CA,90248,310-699-1222,E T Balancing Co Inc
Glenn,G,Berray,gberray@gmail.com,,29 Cherry St #7073,Des Moines,IA,50315,515-370-7348,Griswold John E Esq
Lashandra,L,Klang,lashandra@yahoo.com,,810 N La Brea Ave,King of Prussia,PA,19406,610-809-1818,Acqua Group
Lenna,L,Newville,lnewville@newville.com,,987 Main St,Raleigh,NC,27601,919-623-2524,Brooks Morris J Jr
Laurel,L,Pagliuca,laurel@yahoo.com,,36 Enterprise St Se,Richland,WA,99352,509-695-5199,Printing Images Corp
Mireya,M,Frerking,mireya.frerking@hotmail.com,,8429 Miller Rd,Pelham,NY,10803,914-868-5965,Roberts Supply Co Inc
Annelle,A,Tagala,annelle@yahoo.com,,5 W 7th St,Parkville,MD,21234,410-757-1035,Vico Products Mfg Co
Dean,D,Ketelsen,dean_ketelsen@gmail.com,,2 Flynn Rd,Hicksville,NY,11801,516-847-4418,J M Custom Design Millwork
Levi,L,Munis,levi.munis@gmail.com,,2094 Ne 36th Ave,Worcester,MA,1603,508-456-4907,Farrell & Johnson Office Equip
Sylvie,S,Ryser,sylvie@aol.com,,649 Tulane Ave,Tulsa,OK,74105,918-644-9555,Millers Market & Deli
Sharee,S,Maile,sharee_maile@aol.com,,2094 Montour Blvd,Muskegon,MI,49442,231-467-9978,Holiday Inn Naperville
Cordelia,C,Storment,cordelia_storment@aol.com,,393 Hammond Dr,Lafayette,LA,70506,337-566-6001,Burrows Jon H Esq
Mollie,M,Mcdoniel,mollie_mcdoniel@yahoo.com,,8590 Lake Lizzie Dr,Bowling Green,OH,43402,419-975-3182,Dock Seal Specialty
Brett,B,Mccullan,brett.mccullan@mccullan.com,,87895 Concord Rd,La Mesa,CA,91942,619-461-9984,Five Star Limousines Of Tx Inc
Teddy,T,Pedrozo,teddy_pedrozo@aol.com,,46314 Route 130,Bridgeport,CT,6610,203-892-3863,Barkan Neal J Esq
Tasia,T,Andreason,tasia_andreason@yahoo.com,,4 Cowesett Ave,Kearny,NJ,7032,201-920-9002,Campbell Robert A
Hubert,H,Walthall,hubert@walthall.org,,95 Main Ave #2,Barberton,OH,44203,330-903-1345,Dee Deanna
Arthur,A,Farrow,arthur.farrow@yahoo.com,,28 S 7th St #2824,Englewood,NJ,7631,201-238-5688,Young Timothy L Esq
Vilma,V,Berlanga,vberlanga@berlanga.com,,79 S Howell Ave,Grand Rapids,MI,49546,616-737-3085,Wells D Fred Esq
Billye,B,Miro,billye_miro@cox.net,,36 Lancaster Dr Se,Pearl,MS,39208,601-567-5386,Gray Francine H Esq
Glenna,G,Slayton,glenna_slayton@cox.net,,2759 Livingston Ave,Memphis,TN,38118,901-640-9178,Toledo Iv Care
Mitzie,M,Hudnall,mitzie_hudnall@yahoo.com,,17 Jersey Ave,Englewood,CO,80110,303-402-1940,Cangro Transmission Co
Bernardine,B,Rodefer,bernardine_rodefer@yahoo.com,,2 W Grand Ave,Memphis,TN,38112,901-901-4726,Sat Poly Inc
Staci,S,Schmaltz,staci_schmaltz@aol.com,,18 Coronado Ave #563,Pasadena,CA,91106,626-866-2339,Midwest Contracting & Mfg Inc
Nichelle,N,Meteer,nichelle_meteer@meteer.com,,72 Beechwood Ter,Chicago,IL,60657,773-225-9985,Print Doctor
Janine,J,Rhoden,jrhoden@yahoo.com,,92 Broadway,Astoria,NY,11103,718-228-5894,Nordic Group Inc
Ettie,E,Hoopengardner,ettie.hoopengardner@hotmail.com,,39 Franklin Ave,Richland,WA,99352,509-755-5393,Jackson Millwork Co
Eden,E,Jayson,eden_jayson@yahoo.com,,4 Iwaena St,Baltimore,MD,21202,410-890-7866,Harris Corporation
Lynelle,L,Auber,lynelle_auber@gmail.com,,32820 Corkwood Rd,Newark,NJ,7104,973-860-8610,United Cerebral Palsy Of Ne Pa
Merissa,M,Tomblin,merissa.tomblin@gmail.com,,34 Raritan Center Pky,Bellflower,CA,90706,562-579-6900,One Day Surgery Center Inc
Golda,G,Kaniecki,golda_kaniecki@yahoo.com,,6201 S Nevada Ave,Toms River,NJ,8755,732-628-9909,Calaveras Prospect
Catarina,C,Gleich,catarina_gleich@hotmail.com,,78 Maryland Dr #146,Denville,NJ,7834,973-210-3994,Terk Robert E Esq
Virgie,V,Kiel,vkiel@hotmail.com,,76598 Rd  I 95 #1,Denver,CO,80216,303-776-7548,Cullen Terrence P Esq
Jolene,J,Ostolaza,jolene@yahoo.com,,1610 14th St Nw,Newport News,VA,23608,757-682-7116,Central Die Casting Mfg Co Inc
Keneth,K,Borgman,keneth@yahoo.com,,86350 Roszel Rd,Phoenix,AZ,85012,602-919-4211,Centerline Engineering
Rikki,R,Nayar,rikki@nayar.com,,1644 Clove Rd,Miami,FL,33155,305-968-9487,Targan & Kievit Pa
Elke,E,Sengbusch,elke_sengbusch@yahoo.com,,9 W Central Ave,Phoenix,AZ,85013,602-896-2993,Riley Riper Hollin & Colagreco
Hoa,H,Sarao,hoa@sarao.org,,27846 Lafayette Ave,Oak Hill,FL,32759,386-526-7800,Kaplan Joel S Esq
Trinidad,T,Mcrae,trinidad_mcrae@yahoo.com,,10276 Brooks St,San Francisco,CA,94105,415-331-9634,Water Office
Mari,M,Lueckenbach,mari_lueckenbach@yahoo.com,,1 Century Park E,San Diego,CA,92110,858-793-9684,Westbrooks Nelson E Jr
Selma,S,Husser,selma.husser@cox.net,,9 State Highway 57 #22,Jersey City,NJ,7306,201-991-8369,Armon Communications
Antione,A,Onofrio,aonofrio@onofrio.com,,4 S Washington Ave,San Bernardino,CA,92410,909-430-7765,Jacobs & Gerber Inc
Luisa,L,Jurney,ljurney@hotmail.com,,25 Se 176th Pl,Cambridge,MA,2138,617-365-2134,Forest Fire Laboratory
Clorinda,C,Heimann,clorinda.heimann@hotmail.com,,105 Richmond Valley Rd,Escondido,CA,92025,760-291-5497,Haughey Charles Jr
Dick,D,Wenzinger,dick@yahoo.com,,22 Spruce St #595,Gardena,CA,90248,310-510-9713,Wheaton Plastic Products
Ahmed,A,Angalich,ahmed.angalich@angalich.com,,2 W Beverly Blvd,Harrisburg,PA,17110,717-528-8996,Reese Plastics
Iluminada,I,Ohms,iluminada.ohms@yahoo.com,,72 Southern Blvd,Mesa,AZ,85204,480-293-2882,Nazette Marner Good Wendt
Joanna,J,Leinenbach,joanna_leinenbach@hotmail.com,,1 Washington St,Lake Worth,FL,33461,561-470-4574,Levinson Axelrod Wheaton
Caprice,C,Suell,caprice@aol.com,,90177 N 55th Ave,Nashville,TN,37211,615-246-1824,Egnor W Dan Esq
Stephane,S,Myricks,stephane_myricks@cox.net,,9 Tower Ave,Burlington,KY,41005,859-717-7638,Portland Central Thriftlodge
Quentin,Q,Swayze,quentin_swayze@yahoo.com,,278 Bayview Ave,Milan,MI,48160,734-561-6170,Ulbrich Trucking
Annmarie,A,Castros,annmarie_castros@gmail.com,,80312 W 32nd St,Conroe,TX,77301,936-751-7961,Tipiak Inc
Shonda,S,Greenbush,shonda_greenbush@cox.net,,82 Us Highway 46,Clifton,NJ,7011,973-482-2430,Saint George Well Drilling
Cecil,C,Lapage,clapage@lapage.com,,4 Stovall St #72,Union City,NJ,7087,201-693-3967,Hawkes Douglas D
Jeanice,J,Claucherty,jeanice.claucherty@yahoo.com,,19 Amboy Ave,Miami,FL,33142,305-988-4162,Accurel Systems Intrntl Corp
Josphine,J,Villanueva,josphine_villanueva@villanueva.com,,63 Smith Ln #8343,Moss,TN,38575,931-553-9774,Santa Cruz Community Internet
Daniel,D,Perruzza,dperruzza@perruzza.com,,11360 S Halsted St,Santa Ana,CA,92705,714-771-3880,Gersh & Danielson
Cassi,C,Wildfong,cassi.wildfong@aol.com,,26849 Jefferson Hwy,Rolling Meadows,IL,60008,847-633-3216,Cobb James O Esq
Britt,B,Galam,britt@galam.org,,2500 Pringle Rd Se #508,Hatfield,PA,19440,215-888-3304,Wheatley Trucking Company
Adell,A,Lipkin,adell.lipkin@lipkin.com,,65 Mountain View Dr,Whippany,NJ,7981,973-654-1561,Systems Graph Inc Ab Dick Dlr
Jacqueline,J,Rowling,jacqueline.rowling@yahoo.com,,1 N San Saba,Erie,PA,16501,814-865-8113,John Hancock Mutl Life Ins Co
Lonny,L,Weglarz,lonny_weglarz@gmail.com,,51120 State Route 18,Salt Lake City,UT,84115,801-293-9853,History Division Of State
Lonna,L,Diestel,lonna_diestel@gmail.com,,1482 College Ave,Fayetteville,NC,28301,910-922-3672,Dimmock Thomas J Esq
Cristal,C,Samara,cristal@cox.net,,4119 Metropolitan Dr,Los Angeles,CA,90021,213-975-8026,Intermed Inc
Kenneth,K,Grenet,kenneth.grenet@grenet.org,,2167 Sierra Rd,East Lansing,MI,48823,517-499-2322,Bank Of New York
Elli,E,Mclaird,emclaird@mclaird.com,,6 Sunrise Ave,Utica,NY,13501,315-818-2638,Sportmaster Intrnatl
Alline,A,Jeanty,ajeanty@gmail.com,,55713 Lake City Hwy,South Bend,IN,46601,574-656-2800,W W John Holden Inc
Sharika,S,Eanes,sharika.eanes@aol.com,,75698 N Fiesta Blvd,Orlando,FL,32806,407-312-1691,Maccani & Delp
Nu,N,Mcnease,nu@gmail.com,,88 Sw 28th Ter,Harrison,NJ,7029,973-751-9003,Amazonia Film Project
Daniela,D,Comnick,dcomnick@cox.net,,7 Flowers Rd #403,Trenton,NJ,8611,609-200-8577,Water & Sewer Department
Cecilia,C,Colaizzo,cecilia_colaizzo@colaizzo.com,,4 Nw 12th St #3849,Madison,WI,53717,608-382-4541,Switchcraft Inc
Leslie,L,Threets,leslie@cox.net,,2 A Kelley Dr,Katonah,NY,10536,914-861-9748,C W D C Metal Fabricators
Nan,N,Koppinger,nan@koppinger.com,,88827 Frankford Ave,Greensboro,NC,27401,336-370-5333,Shimotani Grace T
Izetta,I,Dewar,idewar@dewar.com,,2 W Scyene Rd #3,Baltimore,MD,21217,410-473-1708,Lisatoni Jean Esq
Tegan,T,Arceo,tegan.arceo@arceo.org,,62260 Park Stre,Monroe Township,NJ,8831,732-730-2692,Ceramic Tile Sales Inc
Ruthann,R,Keener,ruthann@hotmail.com,,3424 29th St Se,Kerrville,TX,78028,830-258-2769,Maiden Craft Inc
Joni,J,Breland,joni_breland@cox.net,,35 E Main St #43,Elk Grove Village,IL,60007,847-519-5906,Carriage House Cllsn Rpr Inc
Vi,V,Rentfro,vrentfro@cox.net,,7163 W Clark Rd,Freehold,NJ,7728,732-605-4781,Video Workshop
Colette,C,Kardas,colette.kardas@yahoo.com,,21575 S Apple Creek Rd,Omaha,NE,68124,402-896-5943,Fresno Tile Center Inc
Malcolm,M,Tromblay,malcolm_tromblay@cox.net,,747 Leonis Blvd,Annandale,VA,22003,703-221-5602,Versatile Sash & Woodwork
Ryan,R,Harnos,ryan@cox.net,,13 Gunnison St,Plano,TX,75075,972-558-1665,Warner Electric Brk & Cltch Co
Jess,J,Chaffins,jess.chaffins@chaffins.org,,18 3rd Ave,New York,NY,10016,212-510-4633,New York Public Library
Sharen,S,Bourbon,sbourbon@yahoo.com,,62 W Austin St,Syosset,NY,11791,516-816-1541,Mccaleb John A Esq
Nickolas,N,Juvera,nickolas_juvera@cox.net,,177 S Rider Trl #52,Crystal River,FL,34429,352-598-8301,United Oil Co Inc
Gary,G,Nunlee,gary_nunlee@nunlee.org,,2 W Mount Royal Ave,Fortville,IN,46040,317-542-6023,Irving Foot Center
Diane,D,Devreese,diane@cox.net,,1953 Telegraph Rd,Saint Joseph,MO,64504,816-557-9673,Acme Supply Co
Roslyn,R,Chavous,roslyn.chavous@chavous.org,,63517 Dupont St,Jackson,MS,39211,601-234-9632,Mcrae James L
Glory,G,Schieler,glory@yahoo.com,,5 E Truman Rd,Abilene,TX,79602,325-869-2649,Mcgraths Seafood
Rasheeda,R,Sayaphon,rasheeda@aol.com,,251 Park Ave #979,Saratoga,CA,95070,408-805-4309,Kummerer J Michael Esq
Alpha,A,Palaia,alpha@yahoo.com,,43496 Commercial Dr #29,Cherry Hill,NJ,8003,856-312-2629,Stoffer James M Jr
Refugia,R,Jacobos,refugia.jacobos@jacobos.com,,2184 Worth St,Hayward,CA,94545,510-974-8671,North Central Fl Sfty Cncl
Shawnda,S,Yori,shawnda.yori@yahoo.com,,50126 N Plankinton Ave,Longwood,FL,32750,407-538-5106,Fiorucci Foods Usa Inc
Mona,M,Delasancha,mdelasancha@hotmail.com,,38773 Gravois Ave,Cheyenne,WY,82001,307-403-1488,Sign All
Gilma,G,Liukko,gilma_liukko@gmail.com,,16452 Greenwich St,Garden City,NY,11530,516-393-9967,Sammys Steak Den
Janey,J,Gabisi,jgabisi@hotmail.com,,40 Cambridge Ave,Madison,WI,53715,608-967-7194,Dobscha Stephen F Esq
Lili,L,Paskin,lili.paskin@cox.net,,20113 4th Ave E,Kearny,NJ,7032,201-431-2989,Morgan Custom Homes
Loren,L,Asar,loren.asar@aol.com,,6 Ridgewood Center Dr,Old Forge,PA,18518,570-648-3035,Olsen Payne & Company
Dorothy,D,Chesterfield,dorothy@cox.net,,469 Outwater Ln,San Diego,CA,92126,858-617-7834,Cowan & Kelly
Gail,G,Similton,gail_similton@similton.com,,62 Monroe St,Thousand Palms,CA,92276,760-616-5388,Johnson Wes Esq
Catalina,C,Tillotson,catalina@hotmail.com,,3338 A Lockport Pl #6,Margate City,NJ,8402,609-373-3332,Icn Pharmaceuticals Inc
Lawrence,L,Lorens,lawrence.lorens@hotmail.com,,9 Hwy,Providence,RI,2906,401-465-6432,New England Sec Equip Co Inc
Carlee,C,Boulter,carlee.boulter@hotmail.com,,8284 Hart St,Abilene,KS,67410,785-347-1805,Tippett Troy M Ii
Thaddeus,T,Ankeny,tankeny@ankeny.org,,5 Washington St #1,Roseville,CA,95678,916-920-3571,Atc Contracting
Jovita,J,Oles,joles@gmail.com,,8 S Haven St,Daytona Beach,FL,32114,386-248-4118,Pagano Philip G Esq
Alesia,A,Hixenbaugh,alesia_hixenbaugh@hixenbaugh.org,,9 Front St,Washington,DC,20001,202-646-7516,Kwikprint
Lai,L,Harabedian,lai@gmail.com,,1933 Packer Ave #2,Novato,CA,94945,415-423-3294,Buergi & Madden Scale
Brittni,B,Gillaspie,bgillaspie@gillaspie.com,,67 Rv Cent,Boise,ID,83709,208-709-1235,Inner Label
Raylene,R,Kampa,rkampa@kampa.org,,2 Sw Nyberg Rd,Elkhart,IN,46514,574-499-1454,Hermar Inc
Flo,F,Bookamer,flo.bookamer@cox.net,,89992 E 15th St,Alliance,NE,69301,308-726-2182,Simonton Howe & Schneider Pc
Jani,J,Biddy,jbiddy@yahoo.com,,63 E Aurora Dr,Orlando,FL,32804,206-711-6498,Warehouse Office & Paper Prod
Chauncey,C,Motley,chauncey_motley@aol.com,,61556 W 20th Ave,Seattle_,WA,98104,407-413-4842,Affiliated With Travelodge